locationId,name,latitude,longitude,fullAddress,postalCode,isLocalChef,isPremium,rating,reviewCount,telephone,url,Avg_sentiment,Sentiment_label,combined_cuisines
27740176,Grand Sky Lounge,7.285383,80.64447,"12 Mahamaya Mawatha, Kandy 20000 Sri Lanka",20000.0,0,1,4.8,157,+94 81 2 244333,/Restaurant_Review-g304138-d27740176-Reviews-Grand_Sky_Lounge-Kandy_Kandy_District_Central_Province.html,0.6898433121019109,Positive,"Bar, International, Dining bars"
13551312,Vito Wood Fired Pizza,7.287843,80.64234,"56, Saranankara Road, Kandy 20000 Sri Lanka",20000.0,0,0,4.8,1000,+94 77 454 9000,/Restaurant_Review-g304138-d13551312-Reviews-Vito_Wood_Fired_Pizza-Kandy_Kandy_District_Central_Province.html,0.6595078921078922,Positive,"Italian, Pizza, Beer restaurants"
13427841,Hideout Lounge,7.287413,80.64656,"52 Sangaraja Mawatha, Kandy 20000 Sri Lanka",20000.0,0,0,4.6,793,+94 81 2 227022,/Restaurant_Review-g304138-d13427841-Reviews-Hideout_Lounge-Kandy_Kandy_District_Central_Province.html,0.6752421185372005,Positive,"International, Dining bars"
10458165,Sulochana's Kitchen,7.290715,80.60727,"162/1 Panasara Mawatha,Halloluwa. Bus Junction Halloluwa,kandy, Kandy 20023 Sri Lanka",20023.0,0,0,5.0,89,+94 77 338 9665,/Restaurant_Review-g304138-d10458165-Reviews-Sulochana_s_Kitchen-Kandy_Kandy_District_Central_Province.html,0.6275011235955056,Positive,Sri Lankan
1134977,Sharon Inn,7.287215,80.64206,"59 Saranankara Rd Kandy Lake,, Kandy 20000 Sri Lanka",20000.0,0,0,4.4,512,+94 81 2 222416,/Restaurant_Review-g304138-d1134977-Reviews-Sharon_Inn-Kandy_Kandy_District_Central_Province.html,0.6508016064257028,Positive,"Asian, Sri Lankan"
12994881,Cafe Banana Chill,7.2935,80.648445,"129/8B Anagarika Dharmapala Mawatha, Kandy 20000 Sri Lanka",20000.0,0,0,4.8,384,+94 77 588 2041,/Restaurant_Review-g304138-d12994881-Reviews-Cafe_Banana_Chill-Kandy_Kandy_District_Central_Province.html,0.6680421875000001,Positive,"Cafe, Fusion, Healthy"
7256943,Theva Cuisine,7.276169,80.63546,"11/B5/10-1, 6th Lane Off Upper Tank Road, Off Circular Road 2, Kandy 01000 Sri Lanka",1000.0,0,0,4.4,294,+94 81 7 388296,/Restaurant_Review-g304138-d7256943-Reviews-Theva_Cuisine-Kandy_Kandy_District_Central_Province.html,0.732334375,Positive,"Asian, Healthy, Sri Lankan"
11694327,Buono,7.295151,80.63804,"72 DS Senanayake Veediya, Kandy 20000 Sri Lanka",20000.0,0,0,4.7,548,+94 76 669 0041,/Restaurant_Review-g304138-d11694327-Reviews-Buono-Kandy_Kandy_District_Central_Province.html,0.6154408759124087,Positive,"Cafe, European, Healthy"
26326255,Cafe Nuwara,7.296502,80.63771,"No: 146, DS Senanayake street Kandy, Kandy 20000 Sri Lanka",20000.0,0,0,4.3,139,+94 81 2 121238,/Restaurant_Review-g304138-d26326255-Reviews-Cafe_Nuwara-Kandy_Kandy_District_Central_Province.html,0.7003021582733813,Positive,"Cafe, Asian, Thai, Indonesian, Cuban, Mongolian, Sri Lankan"
15100270,Sri Krishna Dosai,7.293803,80.63848,"No 09 D S Senanayaka Street, Kandy 20000 Sri Lanka",20000.0,0,0,4.7,238,+94 81 4 955999,/Restaurant_Review-g304138-d15100270-Reviews-Sri_Krishna_Dosai-Kandy_Kandy_District_Central_Province.html,0.6537563025210084,Positive,"Indian, Asian, Sri Lankan"
16724326,Sunset Kandy,7.293883,80.638,"63 Colombo Street, Kandy 20000 Sri Lanka",20000.0,0,0,4.6,223,+94 76 627 4226,/Restaurant_Review-g304138-d16724326-Reviews-Sunset_Kandy-Kandy_Kandy_District_Central_Province.html,0.5758497757847534,Positive,"Italian, Pizza, European, Beer restaurants"
25284755,The Empire Cafe,7.29363,80.638855,"No. 21, Temple Street In Front Temple Of Tooth, Kandy 20000 Sri Lanka",20000.0,0,0,4.6,153,+94 81 2 239870,/Restaurant_Review-g304138-d25284755-Reviews-The_Empire_Cafe-Kandy_Kandy_District_Central_Province.html,0.7399405228758169,Positive,"Chinese, Indian, European, Sri Lankan"
8621956,The Kandy House,7.309167,80.66881,"Amunugama Walauwa, Kandy 20000 Sri Lanka",20000.0,0,0,4.6,69,+94 81 2 425133,/Restaurant_Review-g304138-d8621956-Reviews-The_Kandy_House-Kandy_Kandy_District_Central_Province.html,0.7997550724637682,Positive,"International, Asian, Sri Lankan"
2418376,Slightly Chilled Lounge & Sunset Bar,7.29071,80.6455,"No. 29 A, Anagarika Dharmapala, Mawatha, Kandy 101010 Sri Lanka",101010.0,0,0,4.2,2224,+94 81 2 238267,/Restaurant_Review-g304138-d2418376-Reviews-Slightly_Chilled_Lounge_Sunset_Bar-Kandy_Kandy_District_Central_Province.html,0.6482076295585413,Positive,"Bar, Asian, Szechuan"
3911671,Balaji Dosai,7.294439,80.637985,"03 DS Senanayake Veediya, Kandy, Kandy 20000 Sri Lanka",20000.0,0,0,4.2,1351,+94 81 2 224593,/Restaurant_Review-g304138-d3911671-Reviews-Balaji_Dosai-Kandy_Kandy_District_Central_Province.html,0.5269709628506445,Positive,Indian
32853220,Vito Wood Fired Pizza Peradeniya,7.28471,80.62444,"398 Peradeniya Rd, Kandy Hameedia - Peradeniya, Kandy 20000 Sri Lanka",20000.0,0,1,5.0,91,+94 77 992 1990,/Restaurant_Review-g304138-d32853220-Reviews-Vito_Wood_Fired_Pizza_Peradeniya-Kandy_Kandy_District_Central_Province.html,0.8812164835164836,Positive,"Italian, Pizza, Diner"
26528421,Kurumbunkz,7.291457,80.64695,"3D Sangamitta Mawatha, Kandy 20000 Sri Lanka",20000.0,0,0,4.8,75,+94 77 189 1111,/Restaurant_Review-g304138-d26528421-Reviews-Kurumbunkz-Kandy_Kandy_District_Central_Province.html,0.589,Positive,"Italian, American, Australian, Indonesian, Sri Lankan"
2662442,Senani BY Oak ray Restaurant & Bar,7.288767,80.639435,"No 30 Rajapihilla Mawatha, Kandy 20000 Sri Lanka",20000.0,0,0,4.0,960,+94 81 2 224833,/Restaurant_Review-g304138-d2662442-Reviews-Senani_BY_Oak_ray_Restaurant_Bar-Kandy_Kandy_District_Central_Province.html,0.5765985169491525,Positive,Chinese
25316715,Timber Cabin Restaurant & Lounge,7.287413,80.64125,"No 34 Rajapihilla Mawatha, Kandy 20000 Sri Lanka",20000.0,0,0,4.8,41,+94 81 2 063688,/Restaurant_Review-g304138-d25316715-Reviews-Timber_Cabin_Restaurant_Lounge-Kandy_Kandy_District_Central_Province.html,0.6584365853658536,Positive,"Italian, Chinese, Cafe, Asian, Indonesian, Sri Lankan"
19839180,Soul Food,7.292691,80.63596,"48 Sri Wickrama Rajasinghe Mawatha, Kandy 20000 Sri Lanka",20000.0,0,0,4.8,125,+94 76 666 7747,/Restaurant_Review-g304138-d19839180-Reviews-Soul_Food-Kandy_Kandy_District_Central_Province.html,0.5708744,Positive,"Fusion, Healthy"
7720978,Licensed To Grill By Di's,7.298419,80.65063,"No 186, Dharmashoka Mawatha, Kandy 20000 Sri Lanka",20000.0,0,0,4.4,998,+94 77 741 0666,/Restaurant_Review-g304138-d7720978-Reviews-Licensed_To_Grill_By_Di_s-Kandy_Kandy_District_Central_Province.html,0.5723434869739479,Positive,"Barbecue, European"
2703089,Kandyan Muslim Hotel,7.293159,80.63534,"Dalada Vidiya, Kandy 20000 Sri Lanka",20000.0,0,0,3.7,952,+94 81 2 229129,/Restaurant_Review-g304138-d2703089-Reviews-Kandyan_Muslim_Hotel-Kandy_Kandy_District_Central_Province.html,0.354140899122807,Positive,"Asian, Sri Lankan"
17288429,Indian Summer,7.296389,80.636665,"320B E L Senanayake Veediya Opp YMCA, near City Centre, Kandy 20000 Sri Lanka",20000.0,0,0,4.1,96,+94 81 2 235030,/Restaurant_Review-g304138-d17288429-Reviews-Indian_Summer-Kandy_Kandy_District_Central_Province.html,0.5453489583333333,Positive,"Indian, Asian, Sri Lankan"
26866938,Scoobys Hideaway,7.297072,80.63759,"1st Floor, 164 DS Senanayake Veediya, Kandy 20000 Sri Lanka",20000.0,0,0,4.8,53,+94 75 896 4619,/Restaurant_Review-g304138-d26866938-Reviews-Scoobys_Hideaway-Kandy_Kandy_District_Central_Province.html,0.7342245283018868,Positive,"Italian, Cafe, European"
14925048,Cafe 1886 by Salgado Bakers,7.294794,80.63698,"68 E.L Senanaya veediya On top of Salgado Bakers, Kandy 20000 Sri Lanka",20000.0,0,0,4.4,171,+94 81 2 222918,/Restaurant_Review-g304138-d14925048-Reviews-Cafe_1886_by_Salgado_Bakers-Kandy_Kandy_District_Central_Province.html,0.4620748538011696,Positive,"Seafood, Asian, Healthy, Sri Lankan"
15150352,The Whizz,7.286809,80.627655,"155 S W R D Bandaranayake Road, Kandy 20000 Sri Lanka",20000.0,0,0,4.3,104,+94 81 2 228080,/Restaurant_Review-g304138-d15150352-Reviews-The_Whizz-Kandy_Kandy_District_Central_Province.html,0.6007346153846154,Positive,"Cafe, Asian"
23728227,Mystery Meat,7.291756,80.63166,"No 89 Peradeniya Road, Kandy 20000 Sri Lanka",20000.0,0,0,4.9,61,+94 742074000,/Restaurant_Review-g304138-d23728227-Reviews-Mystery_Meat-Kandy_Kandy_District_Central_Province.html,0.8669803278688525,Positive,"Italian, International, Asian, Korean, Sri Lankan"
13316352,Nagalingam's Bhavan Pure Vegetarian (Jain) Indian Restaurant,7.294169,80.63774,"77 Colombo Street, Kandy 20000 Sri Lanka",20000.0,0,0,4.7,120,+94 77 198 1868,/Restaurant_Review-g304138-d13316352-Reviews-Nagalingam_s_Bhavan_Pure_Vegetarian_Jain_Indian_Restaurant-Kandy_Kandy_District_.html,0.6950666666666667,Positive,"Indian, Asian, Sri Lankan"
26364119,Hangout Late Night,7.287801,80.62595,"32D 3/1 George E De Silva Mawatha kandy Spellbound, Kandy 20000 Sri Lanka",20000.0,0,0,4.8,46,+94 81 2 233454,/Restaurant_Review-g304138-d26364119-Reviews-Hangout_Late_Night-Kandy_Kandy_District_Central_Province.html,0.6088630434782608,Positive,"Italian, Pizza, Grill, Pub, Dining bars"
28755943,Fab Ceylon Grand,7.297302,80.63727,"No 163/4 , D S Seenanayake Street, Kandy 20000 Sri Lanka",20000.0,0,0,4.8,26,94740221222,/Restaurant_Review-g304138-d28755943-Reviews-Fab_Ceylon_Grand-Kandy_Kandy_District_Central_Province.html,0.8388538461538462,Positive,"Italian, Chinese, American, Indian, Cafe"
15024784,Fab Ceylon,7.29588,80.63662,"No 121/3/1 E.L Senanayake Street, Kandy 20000 Sri Lanka",20000.0,0,0,3.4,69,+94 71 228 0404,/Restaurant_Review-g304138-d15024784-Reviews-Fab_Ceylon-Kandy_Kandy_District_Central_Province.html,0.3557614285714286,Positive,"Asian, Arabic"
10748383,Worldspice,7.292222,80.63722,"No 5 Dalada Veediya Kandy City Centre, Kandy 20000 Sri Lanka",20000.0,0,0,4.2,282,+94 71 025 7617,/Restaurant_Review-g304138-d10748383-Reviews-Worldspice-Kandy_Kandy_District_Central_Province.html,0.5510205673758866,Positive,Sri Lankan
11832680,Cafe Divine Street,7.294285,80.63661,"139 Colombo Street, Kandy 20000 Sri Lanka",20000.0,0,0,4.3,401,+94 77 699 2799,/Restaurant_Review-g304138-d11832680-Reviews-Cafe_Divine_Street-Kandy_Kandy_District_Central_Province.html,0.44985586034912717,Positive,"Chinese, Fast Food, Barbecue, Street Food, Sri Lankan"
3835067,Queens Hotel Restaurant,7.293049,80.63761,"No. 4 Dalada Veediya Queen's Hotel, Kandy 20000 Sri Lanka",20000.0,0,0,3.5,503,+94 81 2 233026,/Restaurant_Review-g304138-d3835067-Reviews-Queens_Hotel_Restaurant-Kandy_Kandy_District_Central_Province.html,0.40199075975359344,Positive,"Bar, Asian, Healthy, Sri Lankan"
6405495,Mango Garden  Restaurant,7.288122,80.6423,"32/1/1 , Saranankara Road Kandy Sri Lanka . 18 Bogodawatta Road Suduhumpola Kandy, Kandy 20000 Sri Lanka",20000.0,0,0,4.1,193,+94 81 2 235135,/Restaurant_Review-g304138-d6405495-Reviews-Mango_Garden_Restaurant-Kandy_Kandy_District_Central_Province.html,0.4230219251336898,Positive,"Asian, Sri Lankan, Central Asian"
3611588,Royal Bar & Hotel Restaurant,7.295166,80.63755,"No. 44 King's Street, Kandy 20000 Sri Lanka",20000.0,0,0,4.0,432,+94 81 2 224449,/Restaurant_Review-g304138-d3611588-Reviews-Royal_Bar_Hotel_Restaurant-Kandy_Kandy_District_Central_Province.html,0.5167622276029056,Positive,"Bar, European, Pub, Sri Lankan"
1133648,Bake House,7.29322,80.63643,"36 Dalada Vidiya (081) 2234341, Kandy 20000 Sri Lanka",20000.0,0,0,3.7,324,+94 81 2 234341,/Restaurant_Review-g304138-d1133648-Reviews-Bake_House-Kandy_Kandy_District_Central_Province.html,0.4202003278688525,Positive,"Asian, Sri Lankan"
3388056,The Pub,7.293125,80.63637,"36 Dalada Veediya, Kandy 20000 Sri Lanka",20000.0,0,0,3.4,892,0812234341-0814940805,/Restaurant_Review-g304138-d3388056-Reviews-The_Pub-Kandy_Kandy_District_Central_Province.html,0.33618775029446407,Positive,"Bar, European, Asian, Pub, Sri Lankan"
25448261,The Blizz Cafe,7.290642,80.63215,"3rd floor & rooftop, Lotus Building, No 242 D S Senanayaka Street, Kandy 20000 Sri Lanka",20000.0,0,0,5.0,18,+94 77 121 6261,/Restaurant_Review-g304138-d25448261-Reviews-The_Blizz_Cafe-Kandy_Kandy_District_Central_Province.html,0.9326722222222222,Positive,"Italian, Chinese, Cafe, Asian, Soups"
25398605,Grill 'N' Chill Japanese BBQ,7.284412,80.624504,"475 Mahajana Super, Peradeniya Road Revolucion City, Rooftop, Kandy 20000 Sri Lanka",20000.0,0,1,4.4,15,+94 81 2 223355,/Restaurant_Review-g304138-d25398605-Reviews-Grill_N_Chill_Japanese_BBQ-Kandy_Kandy_District_Central_Province.html,0.5353333333333333,Positive,"Japanese, Barbecue, Sushi, Asian, Japanese sweets parlour, Japanese Fusion"
25572789,Six8one,7.280755,80.62006,"681/E, Peradeniya Rd, Kandy., Kandy 20000 Sri Lanka",20000.0,0,0,5.0,6,+94 81 2 200681,/Restaurant_Review-g304138-d25572789-Reviews-Six8one-Kandy_Kandy_District_Central_Province.html,0.7723333333333334,Positive,"Cafe, Fast Food, Grill"
7274239,Helga's Folly Kitchen,7.285107,80.64588,"# 70 Rajaphilla Mawatha, Kandy 20000 Sri Lanka",20000.0,0,0,4.0,275,+94 81 2 234571,/Restaurant_Review-g304138-d7274239-Reviews-Helga_s_Folly_Kitchen-Kandy_Kandy_District_Central_Province.html,0.5463545081967213,Positive,Sri Lankan
23731426,Cocoba Restaurant,7.2925,80.6479,"Anagarika Dharmapala Road 117/3, Kandy 20000 Sri Lanka",20000.0,0,0,4.5,27,+94 76 754 8684,/Restaurant_Review-g304138-d23731426-Reviews-Cocoba_Restaurant-Kandy_Kandy_District_Central_Province.html,0.4851888888888889,Positive,"Italian, Chinese, Bar, Cafe, Asian, Pub, Sri Lankan"
7687874,Xiang Yun Chinese,7.273289,80.60921,"No. 935 Peradeniya Road Kandy Sri Lanka, Kandy 20000 Sri Lanka",20000.0,0,0,3.9,68,+94 77 482 0088,/Restaurant_Review-g304138-d7687874-Reviews-Xiang_Yun_Chinese-Kandy_Kandy_District_Central_Province.html,0.5051567164179105,Positive,"Chinese, Asian, Szechuan"
2057786,The Kandy Garden Cafe,7.286927,80.64747,"9 Sangaraja Mawatha, Kandy 8 Sri Lanka",8.0,0,0,4.1,685,+94 81 2 220355,/Restaurant_Review-g304138-d2057786-Reviews-The_Kandy_Garden_Cafe-Kandy_Kandy_District_Central_Province.html,0.44382266462480857,Positive,"Asian, Sri Lankan"
4881287,Natural Coffee,7.29539,80.638054,"No. 84 D S Senanayake Veediya Next to Sarasavi Book Shop, Kandy 20000 Sri Lanka",20000.0,0,0,4.1,704,+94 81 2 205734,/Restaurant_Review-g304138-d4881287-Reviews-Natural_Coffee-Kandy_Kandy_District_Central_Province.html,0.531685930408472,Positive,"Chinese, Japanese, Cafe"
25350775,Jaide Regency,7.287904,80.6478,"10 No: Louis Peries Lane, Kandy 20000 Sri Lanka",20000.0,0,0,4.8,25,+94 77 300 0111,/Restaurant_Review-g304138-d25350775-Reviews-Jaide_Regency-Kandy_Kandy_District_Central_Province.html,0.668376,Positive,"Seafood, Fast Food, Asian, Singaporean, Eastern European, Sri Lankan"
32835630,Hello Summer,7.298508,80.63651,"28a Hill Street, Kandy 20000 Sri Lanka",20000.0,0,0,5.0,29,+94 71 930 9172,/Restaurant_Review-g304138-d32835630-Reviews-Hello_Summer-Kandy_Kandy_District_Central_Province.html,0.8758199999999999,Positive,"Chinese, American, Asian, Sri Lankan, Arabic"
12957014,Cafe the Vibe,7.299521,80.63694,"No 258/1/4, D.S. Senanayake Street, Kandy 20000 Sri Lanka",20000.0,0,0,3.7,62,+94 77 730 4530,/Restaurant_Review-g304138-d12957014-Reviews-Cafe_the_Vibe-Kandy_Kandy_District_Central_Province.html,0.47879193548387095,Positive,"Cafe, Asian, Sri Lankan"
25230887,Java Lounge In Kandy,6.989085,79.93523,"No.112,sirimavo Bandaranayake Mw, Kandy, Kandy 20000 Sri Lanka",20000.0,0,0,4.8,25,+94 71 046 9059,/Restaurant_Review-g304138-d25230887-Reviews-Java_Lounge_In_Kandy-Kandy_Kandy_District_Central_Province.html,0.8096840000000001,Positive,"American, Irish, Pizza, Cafe, European"
25416219,Cafe Lavia,7.290572,80.63373,"No 14 Anagarika Dharmapala Mawatha, Kandy 20000 Sri Lanka",20000.0,0,0,4.8,9,+94 70 255 7567,/Restaurant_Review-g304138-d25416219-Reviews-Cafe_Lavia-Kandy_Kandy_District_Central_Province.html,0.6266666666666666,Positive,"Italian, Cafe, Fast Food"
29616534,Cafe Serenity,7.295005,80.63774,"No 85 Ds Senanayake Veediya,, Kandy 20000 Sri Lanka",20000.0,0,0,5.0,6,+94 76 724 6100,/Restaurant_Review-g304138-d29616534-Reviews-Cafe_Serenity-Kandy_Kandy_District_Central_Province.html,0.9747833333333333,Positive,"American, Cafe"
15180264,Hela Bojun Hala,6.970351,80.76738,"Sri Wickrama Rajasinghe Mawatha, Kandy 20000 Sri Lanka",20000.0,0,0,4.7,21,,/Restaurant_Review-g304138-d15180264-Reviews-Hela_Bojun_Hala-Kandy_Kandy_District_Central_Province.html,0.6283952380952381,Positive,Sri Lankan
25230840,Java Lounge In Peradeniya,7.288378,80.62896,"No. 255 Peradeniya Road, Kandy 20000 Sri Lanka",20000.0,0,0,4.9,19,+94 70 689 7243,/Restaurant_Review-g304138-d25230840-Reviews-Java_Lounge_In_Peradeniya-Kandy_Kandy_District_Central_Province.html,0.8458736842105263,Positive,"Italian, American, Irish, Cafe, European"
23413495,MARINATE,7.29454,80.63019,"No 7 A B Damunupola Mawatha, Kandy 20000 Sri Lanka",20000.0,0,0,4.6,16,+94 77 704 3670,/Restaurant_Review-g304138-d23413495-Reviews-MARINATE-Kandy_Kandy_District_Central_Province.html,0.520625,Positive,"Italian, Chinese, American, Asian, Sri Lankan"
15838578,Kandyan Rice and Curry,7.319561,80.6474,"Pallegunnepana Road, Polgolla, Kandy, Kandy 20000 Sri Lanka",20000.0,0,0,5.0,31,+94 76 837 6499,/Restaurant_Review-g304138-d15838578-Reviews-Kandyan_Rice_and_Curry-Kandy_Kandy_District_Central_Province.html,0.8261096774193548,Positive,"Chinese, Cafe, Seafood, Fast Food, Asian, Sri Lankan"
11979219,No-Named Restaurant,7.288028,80.64271,"37 Saranankara Road, Kandy 20000 Sri Lanka",20000.0,0,0,4.4,95,+94 77 824 3164,/Restaurant_Review-g304138-d11979219-Reviews-No_Named_Restaurant-Kandy_Kandy_District_Central_Province.html,0.48996526315789474,Positive,"Asian, Sri Lankan"
17209612,Global Kitchen,7.296352,80.63666,"No. 02 Kumara Veediya, Kandy 20000 Sri Lanka",20000.0,0,0,4.3,87,+94 81 2 235060,/Restaurant_Review-g304138-d17209612-Reviews-Global_Kitchen-Kandy_Kandy_District_Central_Province.html,0.7421218390804597,Positive,"Indian, Asian, Sri Lankan"
4133691,Honeypot Restaurant & Guest House,7.276424,80.6063,"33 Deveni Rajasinghe Mawatha (War Cemetery Road), Kandy 20000 Sri Lanka",20000.0,0,0,3.9,364,+94 81 2 384082,/Restaurant_Review-g304138-d4133691-Reviews-Honeypot_Restaurant_Guest_House-Kandy_Kandy_District_Central_Province.html,0.515430701754386,Positive,"Asian, Sri Lankan"
27509699,Elysian,7.303858,80.65298,"8/6, Riverside gardens, Sirimalwatte, Lewella, Kandy 20000 Sri Lanka",20000.0,0,0,4.9,38,+94 77 741 0666,/Restaurant_Review-g304138-d27509699-Reviews-Elysian-Kandy_Kandy_District_Central_Province.html,0.89685,Positive,"American, Barbecue, European"
10056823,Bommu Rooftop Bar & Lounge,7.288341,80.643005,"No 31 Saranankara Road, Kandy 20000 Sri Lanka",20000.0,0,0,4.3,63,+94 81 2 030700,/Restaurant_Review-g304138-d10056823-Reviews-Bommu_Rooftop_Bar_Lounge-Kandy_Kandy_District_Central_Province.html,0.7810682539682541,Positive,"Bar, Pub, Sri Lankan"
12535815,Tavern 29 Rooftop Bar,7.274582,80.606964,"11, Deweni Rajasinghe Mawatha Getambe, Kandy 20000 Sri Lanka",20000.0,0,0,4.4,75,+94 77 792 2373,/Restaurant_Review-g304138-d12535815-Reviews-Tavern_29_Rooftop_Bar-Kandy_Kandy_District_Central_Province.html,0.8029373333333334,Positive,"Bar, Barbecue, Asian, Korean, Pub"
3971317,Oak Ray Regency Restaurant,7.274115,80.6076,"9 Devani Rajasinghe Mawatha Oak Ray Regency Hotel, Kandy 20000 Sri Lanka",20000.0,0,0,3.4,225,+94 81 2 389141,/Restaurant_Review-g304138-d3971317-Reviews-Oak_Ray_Regency_Restaurant-Kandy_Kandy_District_Central_Province.html,0.3286281818181818,Positive,"Asian, Sri Lankan"
32860289,Sukinoya Family Restaurant,7.291253,80.647705,"51A Anagarika Dharmapala Mawatha Kandy, Kandy 20000 Sri Lanka",20000.0,0,1,5.0,4,+94 70 460 0220,/Restaurant_Review-g304138-d32860289-Reviews-Sukinoya_Family_Restaurant-Kandy_Kandy_District_Central_Province.html,0.9207000000000001,Positive,Japanese
7650567,Cafe Aroma Inn,7.294321,80.637146,"98, Colombo St, Kandy 20000 Sri Lanka",20000.0,0,0,3.9,320,+94 77 222 3577,/Restaurant_Review-g304138-d7650567-Reviews-Cafe_Aroma_Inn-Kandy_Kandy_District_Central_Province.html,0.49979190938511325,Positive,"Cafe, European, Sri Lankan"
27790426,Mymomo,7.290236,80.62586,"No.381 ,Peradeniya road, Kandy, Sri Lanka Kandy, Kandy 20400 Sri Lanka",20400.0,0,0,4.9,11,+94 76 762 0492,/Restaurant_Review-g304138-d27790426-Reviews-Mymomo-Kandy_Kandy_District_Central_Province.html,0.8431909090909091,Positive,"Chinese, Cafe, Asian, Korean, Sri Lankan"
17416284,Lake Front cafe,7.291803,80.63747,"2 D sangaraja Mawatha kandy, Kandy 20000 Sri Lanka",20000.0,0,0,4.9,23,+94 77 317 3130,/Restaurant_Review-g304138-d17416284-Reviews-Lake_Front_cafe-Kandy_Kandy_District_Central_Province.html,0.651508695652174,Positive,"Seafood, Asian, Healthy, Street Food, Soups, Sri Lankan"
23295685,Los Amigos Locos,7.3152,80.63094,"70 Peradeniya - Halloluwa - Katugastota Road, Kandy 20800 Sri Lanka",20800.0,0,0,4.9,29,+94 70 277 3767,/Restaurant_Review-g304138-d23295685-Reviews-Los_Amigos_Locos-Kandy_Kandy_District_Central_Province.html,0.783451724137931,Positive,Mexican
4427098,Royal Mall,7.27858,80.61809,"William Gopallawa Mawatha, Kandy 20000 Sri Lanka",20000.0,0,0,3.8,93,7388300,/Restaurant_Review-g304138-d4427098-Reviews-Royal_Mall-Kandy_Kandy_District_Central_Province.html,0.5749133333333333,Positive,"International, Asian, Sri Lankan"
25357064,Tamarind Restaurant The Grand Kandyan,7.303187,80.63712,"Lady Gordon Road, Kandy Sri Lanka",,0,0,4.3,3,,/Restaurant_Review-g304138-d25357064-Reviews-Tamarind_Restaurant_The_Grand_Kandyan-Kandy_Kandy_District_Central_Province.html,0.7675000000000001,Positive,"Barbecue, Asian, Vietnamese, Sri Lankan"
3438350,Kandyan Arts Restaurant,7.276945,80.615524,"839 Peradeniya Road Kandyan Arts Residency, Kandy 20000 Sri Lanka",20000.0,0,0,3.7,238,+94 81 2 229825,/Restaurant_Review-g304138-d3438350-Reviews-Kandyan_Arts_Restaurant-Kandy_Kandy_District_Central_Province.html,0.503520796460177,Positive,"International, Asian, Indonesian"
26244135,Lion Brand Coffee & Bakery,7.284498,80.64951,"43, Ampitiya road, Kandy Sri Lanka",,0,0,4.9,38,+94 77 429 4443,/Restaurant_Review-g304138-d26244135-Reviews-Lion_Brand_Coffee_Bakery-Kandy_Kandy_District_Central_Province.html,0.7222157894736841,Positive,"Italian, Mexican, American, Cafe, Asian, Thai, Sri Lankan"
27721224,Roobinzz Cafe And Restaurant,7.293862,80.649796,"164/a Anagarika Dharmapala Lane, Kandy 20000 Sri Lanka",20000.0,0,0,5.0,4,+94 71 542 6918,/Restaurant_Review-g304138-d27721224-Reviews-Roobinzz_Cafe_And_Restaurant-Kandy_Kandy_District_Central_Province.html,0.9233250000000001,Positive,"Italian, Chinese, Asian, Mongolian, Sri Lankan"
3702637,Sri Ganeshananda Brahmins Vegetarian Hotel,7.27859,80.61716,"42 Peradeniya Road, Kandy 20000 Sri Lanka",20000.0,0,0,4.1,24,+94 81 4 950667,/Restaurant_Review-g304138-d3702637-Reviews-Sri_Ganeshananda_Brahmins_Vegetarian_Hotel-Kandy_Kandy_District_Central_Province.html,0.4801869565217391,Positive,"Indian, Asian, Sri Lankan"
26529859,Lobster Arena,7.293427,80.64848,"129/8b Anagarika Dharmapala Mawatha , Kandy, Kandy 20000 Sri Lanka",20000.0,0,0,5.0,3,+94 77 588 2041,/Restaurant_Review-g304138-d26529859-Reviews-Lobster_Arena-Kandy_Kandy_District_Central_Province.html,0.8752,Positive,"Italian, Chinese, Cafe, Seafood, Healthy"
26245060,The Golden Curry Restaurant,7.29566,80.63665,"No.111/1/1, Kotugodella Veediya, Kandy 20000 Sri Lanka",20000.0,0,0,3.8,17,+94 81 4 200300,/Restaurant_Review-g304138-d26245060-Reviews-The_Golden_Curry_Restaurant-Kandy_Kandy_District_Central_Province.html,0.3100352941176471,Positive,"Chinese, Indian, Asian, Arabic"
28674037,Organica Lounge Kandy,7.293445,80.635345,"Yatinuwara Ln, Kandy 20000 Sri Lanka",20000.0,0,0,4.2,14,+94 77 630 1625,/Restaurant_Review-g304138-d28674037-Reviews-Organica_Lounge_Kandy-Kandy_Kandy_District_Central_Province.html,0.4349857142857143,Positive,"French, Asian, British, Soups, Sri Lankan"
27134430,Castle Lane Cafe & Restaurant,7.293622,80.63699,"36/13, Kotugodella Street, Kandy 20000 Sri Lanka",20000.0,0,0,5.0,8,+94 70 456 8877,/Restaurant_Review-g304138-d27134430-Reviews-Castle_Lane_Cafe_Restaurant-Kandy_Kandy_District_Central_Province.html,0.75985,Positive,"Chinese, American, Indian, Asian, Thai, Sri Lankan"
13432440,Devon Food Court,7.29309,80.64012,"11 Sri Dalada Veediya, Kandy 20000 Sri Lanka",20000.0,0,0,2.8,98,+94 81 2 224537,/Restaurant_Review-g304138-d13432440-Reviews-Devon_Food_Court-Kandy_Kandy_District_Central_Province.html,0.15011938775510206,Positive,Sri Lankan
795233,Pizza Hut,7.293696,80.638435,"D.S Senanayake Veediya, Kandy 20000 Sri Lanka",20000.0,0,0,3.5,475,+94 11 2 729729,/Restaurant_Review-g304138-d795233-Reviews-Pizza_Hut-Kandy_Kandy_District_Central_Province.html,0.3154002202643172,Positive,"Italian, Pizza, Fast Food, European"
15080055,Le Leopard d'Argent,7.254212,80.61904,"Bowalawatta, Kandy 20000 Sri Lanka",20000.0,0,0,4.7,69,+94 72 519 1158,/Restaurant_Review-g304138-d15080055-Reviews-Le_Leopard_d_Argent-Kandy_Kandy_District_Central_Province.html,0.38475217391304345,Positive,"French, European, Sri Lankan"
23955743,The Colonial Bistro & Lounge,7.286785,80.64227,"No 65 Rajapihilla Lane, Kandy, Kandy 20000 Sri Lanka",20000.0,0,0,5.0,11,+94 77 444 0444,/Restaurant_Review-g304138-d23955743-Reviews-The_Colonial_Bistro_Lounge-Kandy_Kandy_District_Central_Province.html,0.8278636363636364,Positive,"Steakhouse, Bar, Barbecue, Asian, Pub, Sri Lankan, Beer restaurants"
3315211,Aloy Restaurant,7.273067,80.607216,"No.806, Peradeniya Road, Kandy 20000 Sri Lanka",20000.0,0,0,3.2,107,+94 81 2 387547,/Restaurant_Review-g304138-d3315211-Reviews-Aloy_Restaurant-Kandy_Kandy_District_Central_Province.html,0.20613076923076923,Positive,"Asian, Sri Lankan"
3682654,Perera & Sons,7.27859,80.61716,"70 Peradeniya Road, Kandy 20000 Sri Lanka",20000.0,0,0,4.2,31,+94 81 4 950393,/Restaurant_Review-g304138-d3682654-Reviews-Perera_Sons-Kandy_Kandy_District_Central_Province.html,0.5648333333333333,Positive,"Fast Food, Asian, Sri Lankan"
1133652,Delight Bakers & Sweet House,7.293187,80.63678,"Dalada Veediya, Kandy 20000 Sri Lanka",20000.0,0,0,3.6,91,+94 81 2 200092,/Restaurant_Review-g304138-d1133652-Reviews-Delight_Bakers_Sweet_House-Kandy_Kandy_District_Central_Province.html,0.4437193181818182,Positive,"Italian, Indian, Southwestern, Arabic"
3587329,Mlesna Tea Centre1,7.293086,80.63635,"15 Dalada Vidiya Street, Kandy 20000 Sri Lanka",20000.0,0,0,4.4,44,,/Restaurant_Review-g304138-d3587329-Reviews-Mlesna_Tea_Centre1-Kandy_Kandy_District_Central_Province.html,0.4249136363636364,Positive,Cafe
5534594,Rasawasala Restaurant,7.259201,80.61943,"Heerrasagala Amaya Hills Kandy, Kandy 20000 Sri Lanka",20000.0,0,0,4.4,15,+94 81 4 474022,/Restaurant_Review-g304138-d5534594-Reviews-Rasawasala_Restaurant-Kandy_Kandy_District_Central_Province.html,0.7695454545454545,Positive,Asian
15119643,Cafe Nihonbashi Kandy,7.294231,80.638664,"30 Colombo Street The Radh Hotel, Kandy 20000 Sri Lanka",20000.0,0,0,4.1,36,+94 77 843 7423,/Restaurant_Review-g304138-d15119643-Reviews-Cafe_Nihonbashi_Kandy-Kandy_Kandy_District_Central_Province.html,0.5753638888888889,Positive,"Japanese, Sushi, Asian"
27694045,Hungry Brunch Cafe & Restaurant,7.297895,80.63647,"No .170, Kotugodella Veediya, Kandy 20000 Sri Lanka",20000.0,0,0,5.0,5,+94 76 327 1511,/Restaurant_Review-g304138-d27694045-Reviews-Hungry_Brunch_Cafe_Restaurant-Kandy_Kandy_District_Central_Province.html,0.7316,Positive,"Chinese, Seafood, Asian, Thai, Mongolian"
15237512,Route 66 Sri Lanka,7.293985,80.637245,"Kotugodella Veediya, Kandy 20000 Sri Lanka",20000.0,0,0,4.7,28,+94 77 604 6045,/Restaurant_Review-g304138-d15237512-Reviews-Route_66_Sri_Lanka-Kandy_Kandy_District_Central_Province.html,0.7907571428571429,Positive,"American, Cafe, International, Deli, Diner"
26772565,La Pangea Cafe & Restaurant Kandy,7.298248,80.636345,"196/01/02,Kotugodalla Street,Kandy,Srilanka. Between Mercantile Investment And Mr.tattoo Salon, Kandy 20000 Sri Lanka",20000.0,0,0,4.6,29,+94 71 916 0443,/Restaurant_Review-g304138-d26772565-Reviews-La_Pangea_Cafe_Restaurant_Kandy-Kandy_Kandy_District_Central_Province.html,0.6025379310344828,Positive,"Bar, International, Pub, Healthy, Sri Lankan, Beer restaurants"
3474581,Siri Ramya,,,"32 Dalada Veediya, Kandy Sri Lanka",,0,0,3.4,67,+94 81 2 225767,/Restaurant_Review-g304138-d3474581-Reviews-Siri_Ramya-Kandy_Kandy_District_Central_Province.html,0.39337462686567165,Positive,"Asian, Sri Lankan"
23129418,Lunu Mirisa Organic Vilage Food,7.359934,80.94269,"Hasalaka - Eldamporuwa Rd, Kandy 20960 Sri Lanka",20960.0,0,0,5.0,8,+94 76 778 1913,/Restaurant_Review-g304138-d23129418-Reviews-Lunu_Mirisa_Organic_Vilage_Food-Kandy_Kandy_District_Central_Province.html,0.6219250000000001,Positive,Sri Lankan
9835830,Kandy Kitchen,7.279167,80.61962,"800 Peradeniya Road, Kandy 20000 Sri Lanka",20000.0,0,0,3.9,47,+94 77 744 4602,/Restaurant_Review-g304138-d9835830-Reviews-Kandy_Kitchen-Kandy_Kandy_District_Central_Province.html,0.5197021276595745,Positive,"Chinese, Asian, Sri Lankan"
28826083,Kings Kandy Rooftop Restaurant,7.3044,80.7073,"21 Kings Street, Kandy, Sri-Lanka, Kandy 20000 Sri Lanka",20000.0,0,0,3.7,3,+94 70 306 9888,/Restaurant_Review-g304138-d28826083-Reviews-Kings_Kandy_Rooftop_Restaurant-Kandy_Kandy_District_Central_Province.html,0.9684666666666667,Positive,"Italian, Japanese, Cafe, Asian, Sri Lankan"
1133655,Flower Song Restaurant,7.300112,80.63638,"281 D.S. Senanayake Street, Kandy 20000 Sri Lanka",20000.0,0,0,3.6,115,+94 81 2 229191,/Restaurant_Review-g304138-d1133655-Reviews-Flower_Song_Restaurant-Kandy_Kandy_District_Central_Province.html,0.4717485436893204,Positive,"Chinese, Fusion, Szechuan, Shanghai, Hong Kong"
17325740,Sizzle Sports Pub,7.2911,80.64422,"117/8, Anagarika Dharmapala Mawatha, Kandy 20000 Sri Lanka",20000.0,0,0,4.6,58,+94 77 555 0445,/Restaurant_Review-g304138-d17325740-Reviews-Sizzle_Sports_Pub-Kandy_Kandy_District_Central_Province.html,0.8000327586206896,Positive,"Bar, Pub, Beer restaurants"
19463898,Vegan Tranquil Rose,7.293859,80.63802,"63/2, Rooftop floor, Colombo Street Sunset Building, Kandy 20000 Sri Lanka",20000.0,0,0,4.7,23,+94 70 375 7746,/Restaurant_Review-g304138-d19463898-Reviews-Vegan_Tranquil_Rose-Kandy_Kandy_District_Central_Province.html,0.6434434782608696,Positive,"International, European, Healthy, Wine Bar, Beer restaurants"
15092476,The Chill 'N Grill Cafe,7.293222,80.6359,"Sky View Grand Rooftop, Kandy, Kandy 20000 Sri Lanka",20000.0,0,0,4.1,54,+94 71 345 9585,/Restaurant_Review-g304138-d15092476-Reviews-The_Chill_N_Grill_Cafe-Kandy_Kandy_District_Central_Province.html,0.6984925925925927,Positive,"Mexican, American, Cafe"
23908612,Lemon Grass Thai Restaurant - The Grand Kandyan Hotel,7.293553,80.63852,"89 10 Lady Gordon's Drive The Grand Kandyan Hotel, Kandy 20000 Sri Lanka",20000.0,0,0,5.0,8,+94 81 2 030400,/Restaurant_Review-g304138-d23908612-Reviews-Lemon_Grass_Thai_Restaurant_The_Grand_Kandyan_Hotel-Kandy_Kandy_District_Central.html,0.905825,Positive,Thai
29012424,The Corridor By D'pola,7.291157,80.64436,"No 12 Anagarika Darmapala Mw, Kandy 20000 Sri Lanka",20000.0,0,0,5.0,14,+94 76 488 1267,/Restaurant_Review-g304138-d29012424-Reviews-The_Corridor_By_D_pola-Kandy_Kandy_District_Central_Province.html,0.8639428571428571,Positive,Cafe
26266445,Ayi Rigsa,7.298415,80.63465,"22, Asgiri Vihara mawatha, Kandy., Kandy 20000 Sri Lanka",20000.0,0,0,5.0,5,+94 77 138 3618,/Restaurant_Review-g304138-d26266445-Reviews-Ayi_Rigsa-Kandy_Kandy_District_Central_Province.html,0.66712,Positive,"Cafe, Seafood, Asian, Sri Lankan"
26332315,Hill Tips Tea Lounge,7.287354,80.646545,"#02, Mahamaya Mawatha, Kandy 20000 Sri Lanka",20000.0,0,0,5.0,13,+94 76 104 8338,/Restaurant_Review-g304138-d26332315-Reviews-Hill_Tips_Tea_Lounge-Kandy_Kandy_District_Central_Province.html,0.7987000000000001,Positive,"Cafe, Asian, Diner, Healthy, Sri Lankan"
4097009,Royal Spice Indian Resturant,7.2818,80.6695,"Earl's Regency Hotel, Kandy 20000 Sri Lanka",20000.0,0,0,4.0,28,+94 81 2 422122,/Restaurant_Review-g304138-d4097009-Reviews-Royal_Spice_Indian_Resturant-Kandy_Kandy_District_Central_Province.html,0.6869925925925926,Positive,Indian
28804033,Vishnu Vihar,7.292694,80.63251,"47 Peradeniya Rd, Kandy 20000, Kandy 20400 Sri Lanka",20400.0,0,0,4.8,8,+94 76 994 1656,/Restaurant_Review-g304138-d28804033-Reviews-Vishnu_Vihar-Kandy_Kandy_District_Central_Province.html,0.824425,Positive,"Indian, Cafe, Fast Food, Asian, Diner, Sri Lankan"
4830628,Midland Deli Restaurant,7.293814,80.638435,"No. 85 D.S. Senanayake Viidiya, Kandy 20000 Sri Lanka",20000.0,0,0,3.6,192,+94 81 2 220530,/Restaurant_Review-g304138-d4830628-Reviews-Midland_Deli_Restaurant-Kandy_Kandy_District_Central_Province.html,0.3719221621621622,Positive,"Asian, Deli, Sri Lankan"
14003788,Sthree Cafe,7.287224,80.6279,"327 Peradeniya Road, Kandy 20000 Sri Lanka",20000.0,0,0,4.9,13,+94 81 4 933593,/Restaurant_Review-g304138-d14003788-Reviews-Sthree_Cafe-Kandy_Kandy_District_Central_Province.html,0.9249153846153846,Positive,"Cafe, Asian, Sri Lankan"
1133653,Green View Restaurant,7.293116,80.63642,"51 Ampitiya Road Devon Hotel, Kandy 20000 Sri Lanka",20000.0,0,0,3.4,891,+94 81 2 235164,/Restaurant_Review-g304138-d1133653-Reviews-Green_View_Restaurant-Kandy_Kandy_District_Central_Province.html,0.3188972553699284,Positive,"Chinese, Indian, Asian, Soups, Sri Lankan"
19430175,Dosa Kallu,7.280191,80.62113,"No 443/1/1, William Gopallawa Mawatha, Kandy 20000 Sri Lanka",20000.0,0,0,5.0,15,+94 76 309 5486,/Restaurant_Review-g304138-d19430175-Reviews-Dosa_Kallu-Kandy_Kandy_District_Central_Province.html,0.4882933333333333,Positive,"Indian, Fast Food, Asian, Sri Lankan"
3619066,Dinemore,7.287442,80.62323,"1st Floor, Nihal Supermarket Aniwatta Road, Kandy 20000 Sri Lanka",20000.0,0,0,3.2,65,+94 81 2 202200,/Restaurant_Review-g304138-d3619066-Reviews-Dinemore-Kandy_Kandy_District_Central_Province.html,0.3439,Positive,"Asian, Sri Lankan"
33040540,Yaka Lounge,7.288218,80.63901,"Sri Rajasinghe Mawatha, 9 Sandriana Lake View Hotel, 5 Floor, Kandy 20200 Sri Lanka",20200.0,0,0,5.0,5,+94 77 739 3812,/Restaurant_Review-g304138-d33040540-Reviews-Yaka_Lounge-Kandy_Kandy_District_Central_Province.html,0.9578599999999999,Positive,"Italian, Asian, Sri Lankan"
23219014,The Hideout Cafe Kandy,7.2955,80.6356,"No 47 D.s Senanayake Street Kandy, Kandy 20000 Sri Lanka",20000.0,0,0,4.8,5,+94 77 848 4106,/Restaurant_Review-g304138-d23219014-Reviews-The_Hideout_Cafe_Kandy-Kandy_Kandy_District_Central_Province.html,0.91554,Positive,"Chinese, American, Indian, Cafe, Asian, Mongolian"
12113730,OakRay Heritage Boutique,7.294572,80.63924,"Deva Veediya, Kandy, Sri Lanka Oakray Heritage Boutique Ehelepola Walawwa, Number 41, Kandy 20000 Sri Lanka",20000.0,0,0,4.2,25,+94 81 2 223712,/Restaurant_Review-g304138-d12113730-Reviews-OakRay_Heritage_Boutique-Kandy_Kandy_District_Central_Province.html,0.559932,Positive,"Chinese, American, Cafe, Fast Food, Asian, Sri Lankan"
27456453,The Chef Corner & Vip Lounge By Sugath,7.311099,80.638725,"No. 1C Devi Road Galkaduwa Junction, Kandy 20000 Sri Lanka",20000.0,0,0,4.9,8,+94 81 2 226750,/Restaurant_Review-g304138-d27456453-Reviews-The_Chef_Corner_Vip_Lounge_By_Sugath-Kandy_Kandy_District_Central_Province.html,0.620125,Positive,"Italian, Chinese, Asian, Sri Lankan"
17990553,"Sunrich Restaurant & Bar, Hedeniya",7.338185,80.55895,"260/1 Hedeniya, Werellagama, Kandy 20000 Sri Lanka",20000.0,0,0,5.0,4,+94 81 2 461872,/Restaurant_Review-g304138-d17990553-Reviews-Sunrich_Restaurant_Bar_Hedeniya-Kandy_Kandy_District_Central_Province.html,0.698875,Positive,"Chinese, Bar, Asian, Pub, Sri Lankan"
15073864,Gilbert Bros,7.29575,80.63676,"No 4 Kotugodella Veediya, Kandy 20000 Sri Lanka",20000.0,0,0,4.6,15,+94 76 165 9277,/Restaurant_Review-g304138-d15073864-Reviews-Gilbert_Bros-Kandy_Kandy_District_Central_Province.html,0.7035466666666667,Positive,"American, Cafe, Pub"
24894099,Kandy Catering Service Viyana Cafe & Family Restaurant,7.286303,80.648254,"1/9 Ampitiya Rd, Kandy 20000 Sri Lanka",20000.0,0,0,3.4,5,+94 77 741 3515,/Restaurant_Review-g304138-d24894099-Reviews-Kandy_Catering_Service_Viyana_Cafe_Family_Restaurant-Kandy_Kandy_District_Centra.html,0.63876,Positive,"Chinese, American, Asian, Sri Lankan"
4295263,Kings Kandy at Sam's Restaurant,7.29839,80.63668,"No 6 E L Senanayake Veediya, Kandy 20000 Sri Lanka",20000.0,0,0,3.6,50,+94 81 2 208388,/Restaurant_Review-g304138-d4295263-Reviews-Kings_Kandy_at_Sam_s_Restaurant-Kandy_Kandy_District_Central_Province.html,0.36296739130434785,Positive,"Italian, Chinese, Japanese"
19346286,Cafe Seema,7.296317,80.637535,"38/1 DS Senanayake Veediya, Kandy 20000 Sri Lanka",20000.0,0,0,4.0,4,+94 77 744 3247,/Restaurant_Review-g304138-d19346286-Reviews-Cafe_Seema-Kandy_Kandy_District_Central_Province.html,0.9289000000000001,Positive,"Chinese, Southwestern, Asian, Sri Lankan"
12014550,Asiri Family Restaurant,7.310194,80.6391,"4 Parana gantota road,kandy, Kandy 20000 Sri Lanka",20000.0,0,0,4.5,22,+94 77 715 5252,/Restaurant_Review-g304138-d12014550-Reviews-Asiri_Family_Restaurant-Kandy_Kandy_District_Central_Province.html,0.6502454545454546,Positive,"Asian, Sri Lankan"
13951001,Kandyan King Seafood Restaurant,7.296955,80.63754,"136 DS Senanayake Street, Kandy 20000 Sri Lanka",20000.0,0,0,3.0,16,+94 77 700 5677,/Restaurant_Review-g304138-d13951001-Reviews-Kandyan_King_Seafood_Restaurant-Kandy_Kandy_District_Central_Province.html,0.46369375,Positive,"Chinese, Seafood, Asian, Sri Lankan"
20296739,Put chutney,7.29432,80.63684,"183 Colombo Street Kandy, Kandy 20000 Sri Lanka",20000.0,0,0,4.7,7,+94 77 341 0111,/Restaurant_Review-g304138-d20296739-Reviews-Put_chutney-Kandy_Kandy_District_Central_Province.html,0.5416142857142857,Positive,"Chinese, Indian, Asian, Sri Lankan"
15275973,Nadiya Indian Restaurant,7.275357,80.606575,"11A Deveni Rajasinghe Mw Gatambe Kandy Located inside Hotel Ganga Addara, Kandy 20000 Sri Lanka",20000.0,0,0,4.2,13,+94 76 352 6409,/Restaurant_Review-g304138-d15275973-Reviews-Nadiya_Indian_Restaurant-Kandy_Kandy_District_Central_Province.html,0.6492846153846153,Positive,"Asian, Middle Eastern, Tibetan, Pakistani, Nepali"
9762385,Villa Rosa Restaurant,7.299637,80.623795,"71/18 Dodanwela Passage, Kandy 20000 Sri Lanka",20000.0,0,0,4.6,25,+94 81 2 215556,/Restaurant_Review-g304138-d9762385-Reviews-Villa_Rosa_Restaurant-Kandy_Kandy_District_Central_Province.html,0.604924,Positive,"Asian, Sri Lankan"
10436249,OpenRice Sri Lanka,7.279895,80.61909,"855/C, Peradeniye Road, Mulgampola, Kandy 20000 Sri Lanka",20000.0,0,0,3.4,101,+94 81 2 239111,/Restaurant_Review-g304138-d10436249-Reviews-OpenRice_Sri_Lanka-Kandy_Kandy_District_Central_Province.html,0.2644970297029703,Positive,"Asian, Sri Lankan"
23985750,Cafe Dumbara,7.294794,80.636,"46 Yatinuwara Street, Kandy 20000 Sri Lanka",20000.0,0,0,4.0,1,+94 77 753 1000,/Restaurant_Review-g304138-d23985750-Reviews-Cafe_Dumbara-Kandy_Kandy_District_Central_Province.html,0.2714,Positive,"Italian, French, Chinese, European, Asian, Sri Lankan"
25383808,Dine and Booze,7.313255,80.6331,"274,Katugasthota Road In front of Keels Supermarket, Kandy 20000 Sri Lanka",20000.0,0,0,5.0,1,+94 77 742 3274,/Restaurant_Review-g304138-d25383808-Reviews-Dine_and_Booze-Kandy_Kandy_District_Central_Province.html,0.9217,Positive,"Chinese, American, Asian, British, Sri Lankan"
32900791,Avo Bliss,7.289147,80.638275,"Rajapihilla Mawatha, Kandy 20000 Sri Lanka",20000.0,0,0,5.0,5,+94 76 484 0220,/Restaurant_Review-g304138-d32900791-Reviews-Avo_Bliss-Kandy_Kandy_District_Central_Province.html,0.76992,Positive,"Italian, French, German, Cafe, Healthy"
26363782,The Black Bean Caf√©,7.284261,80.61997,"128/1,George E.De Silva Mawatha, Kandy 20000 Sri Lanka",20000.0,0,0,5.0,2,+94 77 479 8886,/Restaurant_Review-g304138-d26363782-Reviews-The_Black_Bean_Cafe-Kandy_Kandy_District_Central_Province.html,0.48555,Positive,"Pizza, Cafe, Barbecue, Asian, Healthy"
9738254,Nishantha Restaurant,7.27859,80.61716,"702 Peradeniya Rd, Kandy 21100 Sri Lanka",21100.0,0,0,3.9,16,+94 81 2 388492,/Restaurant_Review-g304138-d9738254-Reviews-Nishantha_Restaurant-Kandy_Kandy_District_Central_Province.html,0.38180625,Positive,"Chinese, Indian, Asian, Sri Lankan"
10826057,Milano Foods,7.369076,80.61744,"No 314 , Matale Road , Akurana, Kandy 20850 Sri Lanka",20850.0,0,0,4.5,4,+94 81 2 301800,/Restaurant_Review-g304138-d10826057-Reviews-Milano_Foods-Kandy_Kandy_District_Central_Province.html,0.5003,Positive,"Italian, Indian, Fast Food, International, Arabic"
14790450,The Paramount Restaurant (pvt) ltd,7.345348,80.617485,"No.47-1 Matale Road, Ambatenna The Paramount Restaurant, Kandy 20136 Sri Lanka",20136.0,0,0,4.7,19,+94 77 848 4106,/Restaurant_Review-g304138-d14790450-Reviews-The_Paramount_Restaurant_pvt_ltd-Kandy_Kandy_District_Central_Province.html,0.8162368421052631,Positive,"Chinese, Seafood, Asian, Sri Lankan"
13316202,Brix,7.276732,80.65664,"No 322 Udugama, Ampitiya Kandy, Kandy 20000 Sri Lanka",20000.0,0,0,3.9,13,+94 81 2 244000,/Restaurant_Review-g304138-d13316202-Reviews-Brix-Kandy_Kandy_District_Central_Province.html,0.40433076923076927,Positive,"Chinese, Indian, Asian, Thai, Arabic"
23815403,Pepe's Rustic Italian,7.31628,80.63426,"Nittawela Rd Kandy Sports Club Nittawela, Kandy 20000 Sri Lanka",20000.0,0,0,4.8,5,+94 77 728 9857,/Restaurant_Review-g304138-d23815403-Reviews-Pepe_s_Rustic_Italian-Kandy_Kandy_District_Central_Province.html,0.73896,Positive,"Italian, Bar, Pub"
26597311,Indi's Joint,7.285236,80.62772,"No 33, William Gopallawa Mawatha Kandy, Kandy 20000 Sri Lanka",20000.0,0,0,4.5,11,+94 76 499 4939,/Restaurant_Review-g304138-d26597311-Reviews-Indi_s_Joint-Kandy_Kandy_District_Central_Province.html,0.6135090909090909,Positive,"American, British, Diner"
11871869,Mlesna Tea Fortress,7.267207,80.57551,"445 Colombo Road Kiribatkumbura, Kandy 20000 Sri Lanka",20000.0,0,0,4.1,29,,/Restaurant_Review-g304138-d11871869-Reviews-Mlesna_Tea_Fortress-Kandy_Kandy_District_Central_Province.html,0.487,Positive,Sri Lankan
13167721,Sky Lounge,7.293183,80.636734,"No 24 Dalada Veediya Delight Bakers & Sweet House, Kandy 20000 Sri Lanka",20000.0,0,0,2.7,104,+94 81 2 200092,/Restaurant_Review-g304138-d13167721-Reviews-Sky_Lounge-Kandy_Kandy_District_Central_Province.html,0.20192211538461538,Positive,"Sri Lankan, Arabic"
1535072,Avanhala,,,"Victoria Rd, E Kandy Lake, Kandy 20000 Sri Lanka",20000.0,0,0,3.4,25,,/Restaurant_Review-g304138-d1535072-Reviews-Avanhala-Kandy_Kandy_District_Central_Province.html,0.31822083333333334,Positive,"Indian, Asian, Sri Lankan"
25260397,Hotel Saumiya,7.293798,80.63826,"No. 09 D. S. Senanayake Veediya, Kandy 20000 Sri Lanka",20000.0,0,0,5.0,3,+94 81 2 236600,/Restaurant_Review-g304138-d25260397-Reviews-Hotel_Saumiya-Kandy_Kandy_District_Central_Province.html,0.8333,Positive,"Indian, Asian, Sri Lankan"
9870413,Citrus Cafe and Restaurent And Natural Coffee,7.288832,80.644646,"Sangaraja Mawatha 34 B sangaraja Maratha, Kandy 20000 Sri Lanka",20000.0,0,0,4.1,73,+94 77 700 2935,/Restaurant_Review-g304138-d9870413-Reviews-Citrus_Cafe_and_Restaurent_And_Natural_Coffee-Kandy_Kandy_District_Central_Provin.html,0.4147054794520548,Positive,"Asian, Sri Lankan"
5985285,Burger Hut,7.32088,80.627785,"Katugastota Rd, Kandy 20000 Sri Lanka",20000.0,0,0,3.6,16,+94 81 4 923333,/Restaurant_Review-g304138-d5985285-Reviews-Burger_Hut-Kandy_Kandy_District_Central_Province.html,0.3499875,Positive,"Asian, Sri Lankan"
17791411,Cafe 210,,,"210 D S Senanayaka Street, Kandy 20000 Sri Lanka",20000.0,0,0,5.0,3,+94 77 777 1865,/Restaurant_Review-g304138-d17791411-Reviews-Cafe_210-Kandy_Kandy_District_Central_Province.html,0.9220666666666667,Positive,"Mexican, American, Asian, Street Food, Sri Lankan"
27952804,June Bistros,7.297326,80.63747,"174, D.S Senanayake Veediya, Kandy 20000 Sri Lanka",20000.0,0,0,5.0,4,+94 75 637 8215,/Restaurant_Review-g304138-d27952804-Reviews-June_Bistros-Kandy_Kandy_District_Central_Province.html,0.9356,Positive,"Italian, Chinese, American, Asian, Sri Lankan"
17195444,Global Kitchens,7.29619,80.63623,"No 2 Kumara Veediya Kandy Opp Ymca, Kandy 20000 Sri Lanka",20000.0,0,0,4.5,6,,/Restaurant_Review-g304138-d17195444-Reviews-Global_Kitchens-Kandy_Kandy_District_Central_Province.html,0.9504833333333332,Positive,"Steakhouse, Indian, International, Asian, Street Food, Sri Lankan"
14082821,Queens Pastry Shop,7.29313,80.64017,"Sri Dalada Veeiya, Kandy 20000 Sri Lanka",20000.0,0,0,4.1,22,,/Restaurant_Review-g304138-d14082821-Reviews-Queens_Pastry_Shop-Kandy_Kandy_District_Central_Province.html,0.6023409090909091,Positive,
12715628,Green Cafe,7.294189,80.6379,"64 Colombo St., Kandy 20000 Sri Lanka",20000.0,0,0,4.0,37,+94 81 2 234884,/Restaurant_Review-g304138-d12715628-Reviews-Green_Cafe-Kandy_Kandy_District_Central_Province.html,0.2969189189189189,Positive,"French, Asian, Sri Lankan"
23134386,Kumbuka restaurant,,,"No 17/2A Dewani Rajasingha Mawatha, Kandy 20000 Sri Lanka",20000.0,0,0,5.0,4,+94 77 730 7889,/Restaurant_Review-g304138-d23134386-Reviews-Kumbuka_restaurant-Kandy_Kandy_District_Central_Province.html,0.706825,Positive,
13401003,Madhavan's spicy food kandy,7.29432,80.63684,"86 Colombo Street, Kandy 20000 Sri Lanka",20000.0,0,0,4.5,15,+94 81 2 222634,/Restaurant_Review-g304138-d13401003-Reviews-Madhavan_s_spicy_food_kandy-Kandy_Kandy_District_Central_Province.html,0.5480666666666667,Positive,"Indian, Asian, Sri Lankan"
1133663,Lyon Cafe,7.292467,80.63238,"27 Peradeniya Rd, Kandy 20000 Sri Lanka",20000.0,0,0,3.3,67,+94 81 4 946610,/Restaurant_Review-g304138-d1133663-Reviews-Lyon_Cafe-Kandy_Kandy_District_Central_Province.html,0.29893384615384616,Positive,"Asian, Sri Lankan"
11726772,Green Park Restaurant,7.26612,80.55301,"376 Colombo Road Kamdy, Kandy 20000 Sri Lanka",20000.0,0,0,3.7,15,+94 77 016 0160,/Restaurant_Review-g304138-d11726772-Reviews-Green_Park_Restaurant-Kandy_Kandy_District_Central_Province.html,0.4411466666666667,Positive,"Chinese, Asian"
20156970,The Loft - Kandy,7.299697,80.63699,"Upper Floor, No 258/1/4, D.S. Senanayake, Kandy 20000 Sri Lanka",20000.0,0,0,5.0,2,+94 77 042 5291,/Restaurant_Review-g304138-d20156970-Reviews-The_Loft_Kandy-Kandy_Kandy_District_Central_Province.html,0.94055,Positive,Seafood
9727674,DeliFrance,7.293081,80.63642,"No 28 Sri Dalada Veediya, Kandy 20000 Sri Lanka",20000.0,0,0,3.8,37,+94 81 7 500896,/Restaurant_Review-g304138-d9727674-Reviews-DeliFrance-Kandy_Kandy_District_Central_Province.html,0.49667837837837836,Positive,Cafe
13416278,The Last Drop Restaurant,7.293954,80.635826,"No. 37 Yatinuwara Street, Kandy 20000 Sri Lanka",20000.0,0,0,3.8,34,+94 81 2 220002,/Restaurant_Review-g304138-d13416278-Reviews-The_Last_Drop_Restaurant-Kandy_Kandy_District_Central_Province.html,0.45030882352941176,Positive,"American, Bar, International, Pub, Sri Lankan"
5443854,Tea Fortress,7.267537,80.57558,"Colombo Road, Kandy 20000 Sri Lanka",20000.0,0,0,4.2,36,,/Restaurant_Review-g304138-d5443854-Reviews-Tea_Fortress-Kandy_Kandy_District_Central_Province.html,0.689485294117647,Positive,"International, Asian, Sri Lankan"
32731546,Dunali Lounge Cafe,7.272965,80.60787,"7jf5+53m, Kandy - Colombo Rd, Kandy 20000, Kandy 20000 Sri Lanka",20000.0,0,0,5.0,1,+94 75 313 8816,/Restaurant_Review-g304138-d32731546-Reviews-Dunali_Lounge_Cafe-Kandy_Kandy_District_Central_Province.html,0.0,Neutral,Cafe
26163316,Celonese Kandy,7.298159,80.63709,"D. S. Senanayake Veediya No. 220, Kandy 20000 Sri Lanka",20000.0,0,0,5.0,2,+94 81 2 081044,/Restaurant_Review-g304138-d26163316-Reviews-Celonese_Kandy-Kandy_Kandy_District_Central_Province.html,0.48795,Positive,"Cafe, Diner"
11713848,HQ Pub and Restaurant,7.284226,80.62277,"No. 30 George Ed Silva Mawatha, Kandy 20000 Sri Lanka",20000.0,0,0,2.9,20,+94 81 2 220334,/Restaurant_Review-g304138-d11713848-Reviews-HQ_Pub_and_Restaurant-Kandy_Kandy_District_Central_Province.html,0.27627,Positive,"Southwestern, Bar, Asian, Pub, Sri Lankan"
19824087,AimBoon Thai Restaurant,7.299704,80.63687,"256 DS Senanayake Veediya, Kandy 20000 Sri Lanka",20000.0,0,0,3.8,6,+94 77 111 9007,/Restaurant_Review-g304138-d19824087-Reviews-AimBoon_Thai_Restaurant-Kandy_Kandy_District_Central_Province.html,0.40815,Positive,"Seafood, Fast Food, Thai"
25175520,Cafe Kandyana,7.288782,80.64475,"34J Sangaraja Mawatha, Kandy 20000 Sri Lanka",20000.0,0,0,5.0,4,+94 76 669 1454,/Restaurant_Review-g304138-d25175520-Reviews-Cafe_Kandyana-Kandy_Kandy_District_Central_Province.html,0.70555,Positive,
13923609,Canishka's Eatery,7.29572,80.63677,"30 E L Senanayake Veediya Located infront of Kataragama temple, Kandy 20000 Sri Lanka",20000.0,0,0,4.9,11,+94 76 298 7461,/Restaurant_Review-g304138-d13923609-Reviews-Canishka_s_Eatery-Kandy_Kandy_District_Central_Province.html,0.7665181818181818,Positive,Healthy
16787434,"Deck on the hills "" Restaurant & Chill-out lounge """,7.284793,80.62052,"76A George E De silva lane, Kandy., Kandy 20000 Sri Lanka",20000.0,0,0,3.0,2,+94 77 713 9904,/Restaurant_Review-g304138-d16787434-Reviews-Deck_on_the_hills_Restaurant_Chill_out_lounge-Kandy_Kandy_District_Central_Provi.html,0.18095,Positive,"American, Cafe, European, Asian, Sri Lankan"
26630770,The Benchars,7.321834,80.62375,"153/c,kurunagala Road,katugastota Kurunala Road,katugastota, Kandy 20800 Sri Lanka",20800.0,0,0,5.0,2,,/Restaurant_Review-g304138-d26630770-Reviews-The_Benchars-Kandy_Kandy_District_Central_Province.html,0.80165,Positive,"Seafood, Asian, Sri Lankan, Sicilian, Southern-Italian"
14088077,LYBS Cafe,7.27859,80.61716,"742A Peradeniya Road, Kandy 20000 Sri Lanka",20000.0,0,0,4.5,2,+94 77 780 0410,/Restaurant_Review-g304138-d14088077-Reviews-LYBS_Cafe-Kandy_Kandy_District_Central_Province.html,0.027500000000000024,Neutral,"Cafe, Asian, Sri Lankan"
25403411,Colonial Kitchen,7.287652,80.624,"25 George E De Silva Mawatha, Kandy 20000 Sri Lanka",20000.0,0,0,4.0,2,+94 77 687 5200,/Restaurant_Review-g304138-d25403411-Reviews-Colonial_Kitchen-Kandy_Kandy_District_Central_Province.html,0.9302,Positive,"Indian, Asian, Sri Lankan"
20568979,The Busy Bee,7.297448,80.63716,"163 D S Senanayake, Kandy 20000 Sri Lanka",20000.0,0,0,5.0,1,+94 75 629 8290,/Restaurant_Review-g304138-d20568979-Reviews-The_Busy_Bee-Kandy_Kandy_District_Central_Province.html,0.7902,Positive,"Cafe, Seafood, Asian, Street Food, Sri Lankan"
10735756,Cafe 7,7.293578,80.638756,"No 7 Temple Street, Kandy 20000 Sri Lanka",20000.0,0,0,3.4,101,+94 77 787 7199,/Restaurant_Review-g304138-d10735756-Reviews-Cafe_7-Kandy_Kandy_District_Central_Province.html,0.34398811881188124,Positive,"Cafe, Diner"
32890409,Kandyan Dish,7.294201,80.63722,"No 107 Colombo Street Kandy, Kandy 20000 Sri Lanka",20000.0,0,0,5.0,1,,/Restaurant_Review-g304138-d32890409-Reviews-Kandyan_Dish-Kandy_Kandy_District_Central_Province.html,0.9217,Positive,"Chinese, Indian, European, Asian, Thai, Mongolian, Sri Lankan"
8084399,Kandy Supreme Hotel,7.290954,80.63676,"63 Rajapihilla Mawatha, Kandy 20000 Sri Lanka",20000.0,0,0,3.5,8,,/Restaurant_Review-g304138-d8084399-Reviews-Kandy_Supreme_Hotel-Kandy_Kandy_District_Central_Province.html,0.4077375,Positive,"Chinese, European, Asian, Sri Lankan"
17838883,Ceyloni Lounge : Restaurant & Pub,7.287384,80.65533,"352/H off Dhamaraja Mawatha, Kandy 20000 Sri Lanka",20000.0,0,0,4.0,5,+94 81 2 240400,/Restaurant_Review-g304138-d17838883-Reviews-Ceyloni_Lounge_Restaurant_Pub-Kandy_Kandy_District_Central_Province.html,0.5328,Positive,"Bar, Cafe, International, Asian, Pub, Sri Lankan"
23410516,The Boba House,7.290677,80.64611,"31c Anagarika Dharmapala Mawatha, Kandy 20000 Sri Lanka",20000.0,0,0,5.0,1,+94 76 654 3907,/Restaurant_Review-g304138-d23410516-Reviews-The_Boba_House-Kandy_Kandy_District_Central_Province.html,0.9118,Positive,"Asian, Taiwanese"
7256116,Green Park Holdings (Pvt) Ltd.,7.29432,80.63684,"Colombo Street # 398, Kandy 20000 Sri Lanka",20000.0,0,0,4.3,12,+94 81 4 950100,/Restaurant_Review-g304138-d7256116-Reviews-Green_Park_Holdings_Pvt_Ltd-Kandy_Kandy_District_Central_Province.html,0.3926454545454545,Positive,"Chinese, NorthWestern Chinese"
19653058,Downtown Cafe,7.29274,80.63041,"No 257 Peradeniya Road, Kandy., Kandy 20000 Sri Lanka",20000.0,0,0,5.0,4,+94 76 940 2130,/Restaurant_Review-g304138-d19653058-Reviews-Downtown_Cafe-Kandy_Kandy_District_Central_Province.html,0.7222,Positive,"Chinese, American, Asian, Sri Lankan"
23946941,Savoury Cake,7.287806,80.624535,"46D George E De Silva Mawatha, Kandy 20000 Sri Lanka",20000.0,0,0,5.0,4,+94 76 160 6907,/Restaurant_Review-g304138-d23946941-Reviews-Savoury_Cake-Kandy_Kandy_District_Central_Province.html,0.9201,Positive,"Pizza, Cafe, Fast Food"
11931051,Waahalkada,7.236681,80.20797,"# 322, Kandy Road, Warakapola, Kandy 71600 Sri Lanka",71600.0,0,0,3.4,8,+94 71 815 0355,/Restaurant_Review-g304138-d11931051-Reviews-Waahalkada-Kandy_Kandy_District_Central_Province.html,0.36045,Positive,International
1133660,History Restaurant,7.2906,80.64612,"27A Anagarika Dharmapala Mawatha, Kandy 20000 Sri Lanka",20000.0,0,0,3.2,119,+94 81 4 470642,/Restaurant_Review-g304138-d1133660-Reviews-History_Restaurant-Kandy_Kandy_District_Central_Province.html,0.18501333333333334,Positive,"Asian, Sri Lankan"
13309815,Salgadu Bakers,7.294954,80.63697,"No 6 Kotugodalla Street, Kandy 20000 Sri Lanka",20000.0,0,0,3.7,9,+94 70 258 5752,/Restaurant_Review-g304138-d13309815-Reviews-Salgadu_Bakers-Kandy_Kandy_District_Central_Province.html,0.5109222222222223,Positive,International
12186636,Kassapa's Dream Restaurant,7.292648,80.64605,"7 2 Sangamiththa Mawatha, Kandy 20000 Sri Lanka",20000.0,0,0,4.6,10,+94 81 2 234369,/Restaurant_Review-g304138-d12186636-Reviews-Kassapa_s_Dream_Restaurant-Kandy_Kandy_District_Central_Province.html,0.87324,Positive,
12451785,Kandy Willows Restaurant,7.279182,80.61941,"No 483 1/1, William Gopallawa Mawatha, Kandy Keels Super, Kandy 20000 Sri Lanka",20000.0,0,0,5.0,2,+94 77 825 0275,/Restaurant_Review-g304138-d12451785-Reviews-Kandy_Willows_Restaurant-Kandy_Kandy_District_Central_Province.html,0.73935,Positive,"Chinese, Indian, Southwestern, Asian, Arabic"
12231156,Lyon's Restaurant,7.292791,80.6325,"A1, Kandy 20000 Sri Lanka",20000.0,0,0,3.3,16,+94 81 4 946600,/Restaurant_Review-g304138-d12231156-Reviews-Lyon_s_Restaurant-Kandy_Kandy_District_Central_Province.html,0.42295625,Positive,"Chinese, Asian"
12714567,Story of Kandy Restaurant at 24 by Suyaama,7.300762,80.62959,"No 24 Sri Dhammasiddi Mawatha Asgiriya, Kandy 20000 Sri Lanka",20000.0,0,0,4.4,5,+94 77 248 4051,/Restaurant_Review-g304138-d12714567-Reviews-Story_of_Kandy_Restaurant_at_24_by_Suyaama-Kandy_Kandy_District_Central_Province.html,0.6452,Positive,"American, Southwestern, Fast Food, Asian, Sri Lankan"
26310180,Nuwara Restaurant and Cafe,7.296497,80.6377,"No146, D. S. Seenanayaka Street, Kandy 20000 Sri Lanka",20000.0,0,0,3.0,2,+94 71 228 0404,/Restaurant_Review-g304138-d26310180-Reviews-Nuwara_Restaurant_and_Cafe-Kandy_Kandy_District_Central_Province.html,0.030149999999999955,Neutral,"Italian, Seafood, Fast Food, European, Asian, Sri Lankan"
12192097,The Vinci Cafe,7.288029,80.657646,"Hewaheta Road, Kandy 20000 Sri Lanka",20000.0,0,0,3.4,7,,/Restaurant_Review-g304138-d12192097-Reviews-The_Vinci_Cafe-Kandy_Kandy_District_Central_Province.html,0.45191428571428577,Positive,"Italian, Chinese, Indian, International, Asian, Sri Lankan"
15187636,Sky Bay,7.303572,80.63669,"89/10 Lady Gordon's Drive 5th Floor, Kandy 20000 Sri Lanka",20000.0,0,0,4.6,7,+94 75 945 2435,/Restaurant_Review-g304138-d15187636-Reviews-Sky_Bay-Kandy_Kandy_District_Central_Province.html,0.8037428571428571,Positive,"Bar, International, European, British, Pub"
25227110,Prison Park Bogambara By Laksam,7.290853,80.63443,"Ehalapola Kumarihami Mawatha, Kandy 20000 Sri Lanka",20000.0,0,0,3.3,3,+94 76 813 0006,/Restaurant_Review-g304138-d25227110-Reviews-Prison_Park_Bogambara_By_Laksam-Kandy_Kandy_District_Central_Province.html,-0.016433333333333338,Neutral,"Indian, Asian, Sri Lankan"
23950979,Panini Di Burger,7.293553,80.63852,"No. 207 D. S. Senanayaka Street, Kandy, Kandy 20000 Sri Lanka",20000.0,0,0,4.7,3,+94 81 2 202277,/Restaurant_Review-g304138-d23950979-Reviews-Panini_Di_Burger-Kandy_Kandy_District_Central_Province.html,0.9007666666666667,Positive,"Italian, Bar, Barbecue, European, British, Pub"
8838123,Frutah,7.27859,80.61716,"416 Peradeniya Road, Kandy 20000 Sri Lanka",20000.0,0,0,4.2,9,+94 77 743 1323,/Restaurant_Review-g304138-d8838123-Reviews-Frutah-Kandy_Kandy_District_Central_Province.html,0.5072333333333333,Positive,Fast Food
10292077,Royal Food Court,7.319702,80.629456,"385 Katugasthota Road Kandy, Kandy 20000 Sri Lanka",20000.0,0,0,3.3,10,+94 81 2 213596,/Restaurant_Review-g304138-d10292077-Reviews-Royal_Food_Court-Kandy_Kandy_District_Central_Province.html,0.55891,Positive,"Chinese, American, Indian, Asian"
10118046,Eat All Day Dining,7.288386,80.6427,"No 31 Saranankara Road Ozo Hotel, Kandy 20000 Sri Lanka",20000.0,0,0,4.4,9,+94 81 2 030700,/Restaurant_Review-g304138-d10118046-Reviews-Eat_All_Day_Dining-Kandy_Kandy_District_Central_Province.html,0.6018333333333333,Positive,
26714291,Manna,7.296189,80.637505,"125 D S Senanayake Road Kandy, Kandy 20000 Sri Lanka",20000.0,0,0,5.0,1,+94 76 669 0041,/Restaurant_Review-g304138-d26714291-Reviews-Manna-Kandy_Kandy_District_Central_Province.html,0.9719,Positive,"Chinese, Asian, Indonesian, Sri Lankan"
29010881,Machang Kandy,7.288248,80.64192,"No 30 George E De Silva Mawatha, Kandy 20000 Sri Lanka",20000.0,0,0,5.0,1,+94 75 989 9888,/Restaurant_Review-g304138-d29010881-Reviews-Machang_Kandy-Kandy_Kandy_District_Central_Province.html,0.8795,Positive,"Asian, Sri Lankan, Beer restaurants"
15123608,ORO Family Resaurant,7.279124,80.67988,"67/20,Naththarampotha Kundasale, Kandy 20168 Sri Lanka",20168.0,0,0,4.8,6,+94 76 843 6620,/Restaurant_Review-g304138-d15123608-Reviews-ORO_Family_Resaurant-Kandy_Kandy_District_Central_Province.html,0.53082,Positive,"Chinese, American, Asian, Healthy"
25438944,The Kebab Station,7.289534,80.63355,"548, 1 Peradeniya Rd, Kandy 20000 Sri Lanka",20000.0,0,0,4.0,4,+94 77 222 4947,/Restaurant_Review-g304138-d25438944-Reviews-The_Kebab_Station-Kandy_Kandy_District_Central_Province.html,0.118425,Positive,African
23611484,Kandywin Hotels,7.30956,80.669655,"85/2 Amunugama, Kandy 20270 Sri Lanka",20270.0,0,0,5.0,1,+94 76 041 1215,/Restaurant_Review-g304138-d23611484-Reviews-Kandywin_Hotels-Kandy_Kandy_District_Central_Province.html,0.9595,Positive,"Italian, American, Indian, Asian, Sri Lankan"
27931363,Queen Zee,7.292551,80.65376,"198,Thalwatta, Kandy 20000 Sri Lanka",20000.0,0,0,5.0,1,+94 77 369 0822,/Restaurant_Review-g304138-d27931363-Reviews-Queen_Zee-Kandy_Kandy_District_Central_Province.html,0.9595,Positive,Asian
7357036,The Swiss Residence Restaurant,7.296978,80.63012,"23 Bahirawakanda, Kandy 20000 Sri Lanka",20000.0,0,0,3.0,30,+94 81 2 204646,/Restaurant_Review-g304138-d7357036-Reviews-The_Swiss_Residence_Restaurant-Kandy_Kandy_District_Central_Province.html,0.38882333333333335,Positive,"Asian, Sri Lankan"
5010630,The Crib,7.289736,80.62992,"178/5 Colombo Road Between Mlesna Tea Centre, Kandy 20021 Sri Lanka",20021.0,0,0,3.0,10,+94 81 2 387446,/Restaurant_Review-g304138-d5010630-Reviews-The_Crib-Kandy_Kandy_District_Central_Province.html,0.3046375,Positive,"Chinese, American, Seafood, International, Asian, Sri Lankan"
13167814,Tandoori,7.293061,80.63686,"Sri Dalada Veediya Delight Bakers & Sweet House, Kandy 20000 Sri Lanka",20000.0,0,0,2.8,29,+94 81 2 200092,/Restaurant_Review-g304138-d13167814-Reviews-Tandoori-Kandy_Kandy_District_Central_Province.html,0.009944827586206888,Neutral,"Indian, Asian"
13997706,Madras Cafe,7.294408,80.63563,"183 Colombo Street, Kandy 20000 Sri Lanka",20000.0,0,0,5.0,1,9.40094E+12,/Restaurant_Review-g304138-d13997706-Reviews-Madras_Cafe-Kandy_Kandy_District_Central_Province.html,0.0,Neutral,"Indian, Asian, Sri Lankan"
14963667,The Escape,7.276822,80.59439,"348 Gannoruwa Road Gannoruwa, Kandy 20000 Sri Lanka",20000.0,0,0,1.8,5,+94 81 4 505090,/Restaurant_Review-g304138-d14963667-Reviews-The_Escape-Kandy_Kandy_District_Central_Province.html,0.383,Positive,"Cafe, Asian"
9610440,Golden Cafe,7.29575,80.63676,"52 Kotugodella Veedya, Kandy 20000 Sri Lanka",20000.0,0,0,5.0,1,+94 77 351 5967,/Restaurant_Review-g304138-d9610440-Reviews-Golden_Cafe-Kandy_Kandy_District_Central_Province.html,0.0,Neutral,Street Food
12665177,Chi Cheong Chinese Restaurent,7.288821,80.62916,"234 Peradeniya Road, Kandy 20000 Sri Lanka",20000.0,0,0,3.7,3,+94 72 026 9737,/Restaurant_Review-g304138-d12665177-Reviews-Chi_Cheong_Chinese_Restaurent-Kandy_Kandy_District_Central_Province.html,0.30356666666666665,Positive,"Chinese, Asian, Soups, Sri Lankan"
6550137,Ratnayake Bakers,7.29432,80.63684,"Colombo Street Kandy, Asgiriya Kandy, Kandy 20000 Sri Lanka",20000.0,0,0,3.2,17,+94 81 2 215774,/Restaurant_Review-g304138-d6550137-Reviews-Ratnayake_Bakers-Kandy_Kandy_District_Central_Province.html,0.16458124999999998,Positive,
15574728,Shan City Chinese Restaurent,7.296886,80.63647,"27/3/1, Kotugodalla Veediya, Kandy 3rd floor, HSBC Bank, Kandy 20000 Sri Lanka",20000.0,0,0,4.0,3,+94 76 966 2822,/Restaurant_Review-g304138-d15574728-Reviews-Shan_City_Chinese_Restaurent-Kandy_Kandy_District_Central_Province.html,0.6150000000000001,Positive,Chinese
20264970,Good Vibes Cafe Kandy,7.279832,80.61941,"Peradeniya Road, Kandy 20000 Sri Lanka",20000.0,0,0,5.0,1,+94 77 171 4895,/Restaurant_Review-g304138-d20264970-Reviews-Good_Vibes_Cafe_Kandy-Kandy_Kandy_District_Central_Province.html,0.9409,Positive,"Italian, French, Chinese, Japanese, Cafe"
21165595,Better Blend,7.291457,80.647766,"47 Hewaheta Rd, Kandy 20000 Sri Lanka",20000.0,0,0,5.0,1,+94 77 663 9076,/Restaurant_Review-g304138-d21165595-Reviews-Better_Blend-Kandy_Kandy_District_Central_Province.html,0.9694,Positive,"Mexican, Chinese, Asian, Sri Lankan"
20263898,Canova Restaurant,7.279758,80.62023,"208/5/4, Kandy 20000 Sri Lanka",20000.0,0,0,5.0,2,+94 71 870 7293,/Restaurant_Review-g304138-d20263898-Reviews-Canova_Restaurant-Kandy_Kandy_District_Central_Province.html,0.9683,Positive,
10593560,Cornhill Resturant,7.293326,80.63506,"Sri Dalada Street, Kandy 20000 Sri Lanka",20000.0,0,0,3.6,5,,/Restaurant_Review-g304138-d10593560-Reviews-Cornhill_Resturant-Kandy_Kandy_District_Central_Province.html,0.557,Positive,"Indian, Cafe, Asian, Sri Lankan"
17912645,Burger Hub,7.292491,80.648636,"115 Anagarika Dharmapala Mawatha, Kandy 20000 Sri Lanka",20000.0,0,0,3.7,3,+94 77 726 5994,/Restaurant_Review-g304138-d17912645-Reviews-Burger_Hub-Kandy_Kandy_District_Central_Province.html,0.5596333333333333,Positive,"Cafe, Healthy"
26150935,Cafe Weez Kandy,7.282681,80.62235,"589 , Peradeniya Road, Kandy 20000 Sri Lanka",20000.0,0,0,1.0,1,+94 70 604 1354,/Restaurant_Review-g304138-d26150935-Reviews-Cafe_Weez_Kandy-Kandy_Kandy_District_Central_Province.html,-0.6381,Negative,"Fast Food, International, Asian, Diner, Healthy"
8609417,Bala's Dosai,7.30749,80.63651,"339/A Katugastota Roads, Kandy 20000 Sri Lanka",20000.0,0,0,3.1,9,+94 71 480 7649,/Restaurant_Review-g304138-d8609417-Reviews-Bala_s_Dosai-Kandy_Kandy_District_Central_Province.html,0.4326888888888889,Positive,"Asian, Sri Lankan"
13167876,Spice Food Court,7.29313,80.63693,"No 24 Dalada Veediya Delight Bakers & Sweet House, Kandy 20000 Sri Lanka",20000.0,0,0,4.1,7,+94 81 2 200092,/Restaurant_Review-g304138-d13167876-Reviews-Spice_Food_Court-Kandy_Kandy_District_Central_Province.html,0.5814571428571428,Positive,Asian
25256521,Durianzila,7.285277,80.625496,"No. 433 Peradeniya Road, Kandy 20000 Sri Lanka",20000.0,0,0,1.0,1,+94 77 444 2466,/Restaurant_Review-g304138-d25256521-Reviews-Durianzila-Kandy_Kandy_District_Central_Province.html,0.0,Neutral,"Cafe, Fast Food, Asian, Sri Lankan"
15336631,Anubhava Restaurant,7.27198,80.60488,"Gannoruwa Road, Kandy 20000 Sri Lanka",20000.0,0,0,4.5,4,+94 71 158 5686,/Restaurant_Review-g304138-d15336631-Reviews-Anubhava_Restaurant-Kandy_Kandy_District_Central_Province.html,0.6575,Positive,
7792644,Panorama,7.305852,80.624146,"Srimath Kudarathwatta Mawatha Cinnamon Citadel, Kandy 20000 Sri Lanka",20000.0,0,0,3.4,8,+94 81 2 234365,/Restaurant_Review-g304138-d7792644-Reviews-Panorama-Kandy_Kandy_District_Central_Province.html,0.6059375,Positive,"International, Asian, Sri Lankan"
13549934,Heritage by Oak-Ray,7.29575,80.63676,"41 Deva Veediya, Kandy 20000 Sri Lanka",20000.0,0,0,3.5,2,+94 81 2 223710,/Restaurant_Review-g304138-d13549934-Reviews-Heritage_by_Oak_Ray-Kandy_Kandy_District_Central_Province.html,0.2143,Positive,"Italian, Chinese, Indian, Southwestern, Asian, Sri Lankan"
25174405,Street Kitchen,7.231122,80.245026,"517 Peradeniya Road, Kandy 20000 Sri Lanka",20000.0,0,0,5.0,1,+94 81 2 222699,/Restaurant_Review-g304138-d25174405-Reviews-Street_Kitchen-Kandy_Kandy_District_Central_Province.html,0.936,Positive,
15134310,Kitchen Shimai,7.29536,80.63807,"No. 84 D.S. Senanayake Road, Kandy 20000 Sri Lanka",20000.0,0,0,2.5,2,+94 81 2 205734,/Restaurant_Review-g304138-d15134310-Reviews-Kitchen_Shimai-Kandy_Kandy_District_Central_Province.html,0.005400000000000016,Neutral,Japanese
9756640,Samadhi Restaurant & Gallery,7.361526,80.73627,"Kukul Oya Rd, Kandy 20000 Sri Lanka",20000.0,0,0,5.0,2,+94 81 4 470925,/Restaurant_Review-g304138-d9756640-Reviews-Samadhi_Restaurant_Gallery-Kandy_Kandy_District_Central_Province.html,0.9806999999999999,Positive,"Asian, Sri Lankan"
7259461,Victory Hotel Kandy,7.29398,80.63764,"79 Colombo Str 79, Colombo Str, Kandy 20000 Sri Lanka",20000.0,0,0,3.0,172,+94 81 2 222526,/Restaurant_Review-g304138-d7259461-Reviews-Victory_Hotel_Kandy-Kandy_Kandy_District_Central_Province.html,0.31392882352941176,Positive,"Bar, International, Pub, Sri Lankan"
5523984,Stuffed Cafe,,,"No 125 Rajphilla Mawatha, Kandy 200000 Sri Lanka",200000.0,0,0,5.0,1,+(94)0094774977821,/Restaurant_Review-g304138-d5523984-Reviews-Stuffed_Cafe-Kandy_Kandy_District_Central_Province.html,0.9313,Positive,"Cafe, Seafood, Asian, Sri Lankan"
12310642,Day Break Restaurant,,,"210 / 1 Pallegama Ampitiya, Kandy 20160 Sri Lanka",20160.0,0,0,5.0,1,+94 81 2 235313,/Restaurant_Review-g304138-d12310642-Reviews-Day_Break_Restaurant-Kandy_Kandy_District_Central_Province.html,0.9531,Positive,"Italian, Chinese, Thai, Grill"
8097556,Kandy Supreme Hotel Restaurant,7.288875,80.638985,"63 Rajapihilla Mawatha Kandy Supreme Hotel, Kandy 20000 Sri Lanka",20000.0,0,0,5.0,1,+94 81 2 060663,/Restaurant_Review-g304138-d8097556-Reviews-Kandy_Supreme_Hotel_Restaurant-Kandy_Kandy_District_Central_Province.html,0.7646,Positive,International
23800348,Hashtag - 'The Food Station',7.307326,80.63651,"152 Katugastota Road, Kandy 20000 Sri Lanka",20000.0,0,0,1.0,1,+94 70 678 7575,/Restaurant_Review-g304138-d23800348-Reviews-Hashtag_The_Food_Station-Kandy_Kandy_District_Central_Province.html,-0.7106,Negative,"Italian, Chinese, Fast Food, Asian, Healthy, Sri Lankan"
28079527,Sherees' Cakes - Kandy,7.277718,80.62818,"90, Paradise Park, Thapodharama Road, Hanthana, Kandy, Kandy 20000 Sri Lanka",20000.0,0,0,5.0,1,+94 77 364 2785,/Restaurant_Review-g304138-d28079527-Reviews-Sherees_Cakes_Kandy-Kandy_Kandy_District_Central_Province.html,0.9639,Positive,
17746813,Yummy Choice,7.290222,80.62978,"156/7b,Peradeniya Road, Kandy 20000 Sri Lanka",20000.0,0,0,5.0,1,+94 71 594 1418,/Restaurant_Review-g304138-d17746813-Reviews-Yummy_Choice-Kandy_Kandy_District_Central_Province.html,0.9062,Positive,"Asian, Sri Lankan"
16759138,Mom's Home Cooked Sri Lankan Cuisine,7.285043,80.64475,"Rajapihilla Mawatha, Kandy 20000 Sri Lanka",20000.0,0,0,5.0,1,+94 70 232 2058,/Restaurant_Review-g304138-d16759138-Reviews-Mom_s_Home_Cooked_Sri_Lankan_Cuisine-Kandy_Kandy_District_Central_Province.html,0.9432,Positive,"Asian, Sri Lankan"
14919060,KFC,7.27859,80.61716,"Peradeniya Rd, Kandy 20000 Sri Lanka",20000.0,0,0,3.0,7,+94 81 2 229888,/Restaurant_Review-g304138-d14919060-Reviews-KFC-Kandy_Kandy_District_Central_Province.html,-0.36287142857142857,Negative,American
15697107,Red Spice,7.29806,80.65067,"33 Dharmasoka Mawatha, Kandy 20000 Sri Lanka",20000.0,0,0,5.0,3,+94 81 4 951666,/Restaurant_Review-g304138-d15697107-Reviews-Red_Spice-Kandy_Kandy_District_Central_Province.html,0.2988,Positive,
15711078,Pavana,7.29418,80.6347,"Wadugodapitiya Ln, Kandy 20000 Sri Lanka",20000.0,0,0,4.5,2,+94 81 2 201508,/Restaurant_Review-g304138-d15711078-Reviews-Pavana-Kandy_Kandy_District_Central_Province.html,0.44415,Positive,"Asian, Pub, Wine Bar, Sri Lankan"
15214453,Hotel Casamara Restaurant,7.29575,80.63676,"No. 12 Kotugodella Veediya, Kandy 20000 Sri Lanka",20000.0,0,0,2.3,3,+94 81 2 224688,/Restaurant_Review-g304138-d15214453-Reviews-Hotel_Casamara_Restaurant-Kandy_Kandy_District_Central_Province.html,-0.35600000000000004,Negative,International
3693076,Ajith Restaurant,7.27859,80.61716,"47 Peradeniya Road, Kandy 20000 Sri Lanka",20000.0,0,0,4.0,1,,/Restaurant_Review-g304138-d3693076-Reviews-Ajith_Restaurant-Kandy_Kandy_District_Central_Province.html,0.9559,Positive,Asian
12284873,Lemuria Restaurant,7.27859,80.61716,"252 Peradeniya Road, Kandy 20000 Sri Lanka",20000.0,0,0,5.0,2,+94 81 2 236402,/Restaurant_Review-g304138-d12284873-Reviews-Lemuria_Restaurant-Kandy_Kandy_District_Central_Province.html,0.9244,Positive,
11437023,Cafe GetMore,,,"172 E.L. Senanayake St, Kandy 20000 Sri Lanka",20000.0,0,0,5.0,1,+94 76 702 7090,/Restaurant_Review-g304138-d11437023-Reviews-Cafe_GetMore-Kandy_Kandy_District_Central_Province.html,0.9476,Positive,
12837030,Mountbatten Lounge,7.293553,80.63852,"Kundasale, Kandy 20000 Sri Lanka",20000.0,0,0,2.7,6,+94 81 2 422122,/Restaurant_Review-g304138-d12837030-Reviews-Mountbatten_Lounge-Kandy_Kandy_District_Central_Province.html,0.062016666666666685,Positive,"Asian, Sri Lankan"
8637926,Summer Set,7.29639,80.635,"Adahana Maluwa Road, Kandy 20000 Sri Lanka",20000.0,0,0,4.0,1,+94 72 228 0404,/Restaurant_Review-g304138-d8637926-Reviews-Summer_Set-Kandy_Kandy_District_Central_Province.html,0.9634,Positive,Asian
11726754,Royal Green Cafetaria,7.270083,80.59562,"Royal Botanical Gardens Peradeniya, Kandy 20000 Sri Lanka",20000.0,0,0,2.8,4,+94 81 7 388308,/Restaurant_Review-g304138-d11726754-Reviews-Royal_Green_Cafetaria-Kandy_Kandy_District_Central_Province.html,0.2843,Positive,
